code,system
45548197,ICD10CM
45548197,ICD10CM
46274123,ICD10CM
46274123,ICD10CM
45548197,ICD10CM
45548197,ICD10CM
46274123,ICD10CM
46274123,ICD10CM
44824480,ICD10CM
44824480,ICD10CM
44824480,ICD10CM
44824480,ICD10CM
44833792,ICD10CM
44833792,ICD10CM
44833792,ICD10CM
44833792,ICD10CM
4031140,ICD10CM
4031140,ICD10CM
4031140,ICD10CM
4031140,ICD10CM
4031650,ICD10CM
4031650,ICD10CM
4031650,ICD10CM
4031650,ICD10CM
40319772,ICD10CM
40319772,ICD10CM
40319772,ICD10CM
40319772,ICD10CM
4035742,ICD10CM
4035742,ICD10CM
4035742,ICD10CM
4035742,ICD10CM
4064048,ICD10CM
4064048,ICD10CM
4064048,ICD10CM
4064048,ICD10CM
4079733,ICD10CM
4079734,ICD10CM
4083680,ICD10CM
4079733,ICD10CM
4079734,ICD10CM
4083680,ICD10CM
4079733,ICD10CM
4079734,ICD10CM
4083680,ICD10CM
4079733,ICD10CM
4079734,ICD10CM
4083680,ICD10CM
4080939,ICD10CM
4080939,ICD10CM
4080939,ICD10CM
4080939,ICD10CM
4083682,ICD10CM
4083682,ICD10CM
4083682,ICD10CM
4083682,ICD10CM
4132495,ICD10CM
4132495,ICD10CM
4132495,ICD10CM
4132495,ICD10CM